step,precision
1,0.6570949942997402
2,0.4670268473797269
3,0.46786162894939537
5,0.3680877084856028
10,0.29411598885490625
25,0.21341513590535247
50,0.14594369276253352
